drift,mag,std,adp,delta
linear_bias,0.3,0.7339780926704407,0.895362377166748,0.16138428449630737
linear_bias,0.5,0.5079235434532166,0.8931484222412109,0.3852248787879944
linear_bias,1.0,0.2010020911693573,0.8841761946678162,0.6831741034984589
scale_drift,0.3,0.8077371120452881,0.8909345269203186,0.08319741487503052
exponential,0.5,0.6680260896682739,0.8945467472076416,0.22652065753936768
stepwise,0.8,0.47156840562820435,0.8841761946678162,0.4126077890396118
